/*
 Navicat Premium Data Transfer

 Source Server         : empty
 Source Server Type    : MySQL
 Source Server Version : 50520
 Source Host           : localhost:3306
 Source Schema         : baiyangwang

 Target Server Type    : MySQL
 Target Server Version : 50520
 File Encoding         : 65001

 Date: 08/02/2020 10:36:45
*/

SET NAMES utf8mb4;
SET FOREIGN_KEY_CHECKS = 0;

-- ----------------------------
-- Table structure for cart
-- ----------------------------
DROP TABLE IF EXISTS `cart`;
CREATE TABLE `cart`  (
  `cart_id` int(50) NOT NULL AUTO_INCREMENT,
  `goods_ID` int(50) NULL DEFAULT NULL,
  `user_id` int(50) NULL DEFAULT NULL,
  `num` int(50) NULL DEFAULT NULL,
  PRIMARY KEY (`cart_id`) USING BTREE
) ENGINE = InnoDB AUTO_INCREMENT = 332 CHARACTER SET = utf8mb4 COLLATE = utf8mb4_bin ROW_FORMAT = Compact;

-- ----------------------------
-- Records of cart
-- ----------------------------
INSERT INTO `cart` VALUES (310, 1, 10, 1);
INSERT INTO `cart` VALUES (311, 2, 10, 1);
INSERT INTO `cart` VALUES (312, 3, 10, 1);
INSERT INTO `cart` VALUES (313, 4, 10, 1);
INSERT INTO `cart` VALUES (314, 5, 10, 2);
INSERT INTO `cart` VALUES (326, 3, 16, 1);
INSERT INTO `cart` VALUES (327, 1, 15, 3);
INSERT INTO `cart` VALUES (328, 2, 15, 1);
INSERT INTO `cart` VALUES (329, 3, 15, 1);
INSERT INTO `cart` VALUES (330, 4, 15, 1);
INSERT INTO `cart` VALUES (331, 5, 15, 1);

-- ----------------------------
-- Table structure for goods
-- ----------------------------
DROP TABLE IF EXISTS `goods`;
CREATE TABLE `goods`  (
  `ID` int(20) NOT NULL AUTO_INCREMENT,
  `src_1` varchar(500) CHARACTER SET utf8mb4 COLLATE utf8mb4_bin NULL DEFAULT NULL,
  `src_2` varchar(500) CHARACTER SET utf8mb4 COLLATE utf8mb4_bin NULL DEFAULT NULL,
  `title_1` varchar(500) CHARACTER SET utf8mb4 COLLATE utf8mb4_bin NULL DEFAULT NULL,
  `title_2` varchar(500) CHARACTER SET utf8mb4 COLLATE utf8mb4_bin NULL DEFAULT NULL,
  `price_1` varchar(255) CHARACTER SET utf8mb4 COLLATE utf8mb4_bin NULL DEFAULT NULL,
  `price_2` varchar(255) CHARACTER SET utf8mb4 COLLATE utf8mb4_bin NULL DEFAULT NULL,
  PRIMARY KEY (`ID`) USING BTREE
) ENGINE = InnoDB AUTO_INCREMENT = 139 CHARACTER SET = utf8mb4 COLLATE = utf8mb4_bin ROW_FORMAT = Compact;

-- ----------------------------
-- Records of goods
-- ----------------------------
INSERT INTO `goods` VALUES (1, 'https://shopncstaticimage.baiyangwang.com/shop/store/goods/1/1_06319832451584616.jpg', 'https://shopncstaticimage.baiyangwang.com/shop/store/goods/1/1_06227243623287900.jpg', '【唤醒肌肤年轻力】艾思诺娜护肤套装（清润水+精华液+乳液+洁面皂）', '【敏感肌也适用】从肌肤深处唤起水润感，令肌肤恢复弹力和光泽，柔滑触感，打造纹理平整的弹力肌，锁住滋润成分和美肌成分，令肌肤柔滑细嫩', '898.00', '1870.00');
INSERT INTO `goods` VALUES (2, 'https://shopncstaticimage.baiyangwang.com/shop/store/goods/2/2_06312830239656267.jpg', 'https://shopncstaticimage.baiyangwang.com/shop/store/goods/2/2_06312830103946826.jpg', '【香港直邮】日本茵芙莎IPSA纯美无瑕修饰遮瑕膏EX 4.5克 遮瑕 痘印 黑眼圈', '多种遮瑕需求，一盒搞定。\n三色遮瑕，轻松改善肤色不均的问题，有效遮盖多种细微瑕疵，水润不卡纹，打造精致妆容。', '325.00', '369.00');
INSERT INTO `goods` VALUES (3, 'https://shopncstaticimage.baiyangwang.com/shop/store/goods/2/2_06312789387752548.jpg', 'https://shopncstaticimage.baiyangwang.com/shop/store/goods/2/2_06312789033413146.jpg', '【香港直邮】日本ÍpsΛ 茵芙莎 流金岁月凝润美肤水 200毫升 抗痘控油保湿', '日本cosme榜单化妆水，霸榜常客；\n从甘草中提取精粹成分，在肌肤内部促使玻尿酸的形成，增加肌肤水分，上脸有润物细无声的温和舒适感；\n改善肌肤粗糙，保持肌肤水嫩Q弹~！', '319.00', '350.00');
INSERT INTO `goods` VALUES (4, 'https://shopncstaticimage.baiyangwang.com/shop/store/goods/2/2_06311235925705267.jpg', 'https://shopncstaticimage.baiyangwang.com/shop/store/goods/2/2_06311236314934007.jpg', '【香港直邮】韩国兰芝滋润水乳套装（200ml精华水+120ml乳液）', '沙漠肌的小水库！适合干皮或者混合皮肤，来自兰芝的透润系列，主打基础的保湿补水，能够迅速舒缓干燥肌肤，帮助打开吸收通道，使营养更易吸收，补足水分，调理肤质，上妆再也不怕卡粉浮粉啦', '249.00', '299.00');
INSERT INTO `goods` VALUES (5, 'https://shopncstaticimage.baiyangwang.com/shop/store/goods/2/2_06310200156499747.jpg', 'https://shopncstaticimage.baiyangwang.com/shop/store/goods/2/2_06310200191626735.jpg', '【香港直邮 包邮包税】阿玛尼（ARMANI）气垫BB霜SPF20不脱妆红色气垫3号色#黄调白', '来自GIORGIO ARMANI家的明星气垫，火爆亚洲美妆圈~自然遮盖肌肤瑕疵，上妆后肌肤不粘腻，自然清爽，毛孔轻松隐形。出汗出油底妆照样不斑驳不油腻、不脱妆不暗沉，打造匀白皙的自然女神气质，只在一抹之间~', '479.00', '556.00');
INSERT INTO `goods` VALUES (6, 'https://shopncstaticimage.baiyangwang.com/shop/store/goods/2/2_06306674142983797.jpg', 'https://shopncstaticimage.baiyangwang.com/shop/store/goods/2/2_06306674142982720.jpg', '【香港直邮】法国迪奥999口红三只装套盒重金属，滋润，哑光（版本随机发货）', '明星迪奥的当家花旦，常常卖断货的爆品！专业唇膏，拥有各种你所想得到、想不到的质地，与明星ICON们一同感受时尚热潮~轻松玩转任何场景，成为social 达人~', '699.00', '960.00');
INSERT INTO `goods` VALUES (7, 'https://shopncstaticimage.baiyangwang.com/shop/store/goods/2/2_06306651457845272.jpg', 'https://shopncstaticimage.baiyangwang.com/shop/store/goods/2/2_06306651460282883.jpg', '【香港直邮】韩国雪花秀Sulwhasoo滋阴水乳套盒滋阴水乳+润燥精华三件套装 加赠小样', '（水125ml+乳液125ml+精华90ml+赠小样 ）焕活肌底调节平衡，深入肌层改善粗糙和暗沉皱纹，帮助吸收营养，补水保湿紧致弹力，提亮肤色；易吸收，为肌肤带来盈润触感，缔造柔滑细腻的肤质', '798.00', '1440.00');
INSERT INTO `goods` VALUES (8, 'https://shopncstaticimage.baiyangwang.com/shop/store/goods/2/2_06306642241218736.jpg', 'https://shopncstaticimage.baiyangwang.com/shop/store/goods/2/2_06306642241536686.jpg', '【4盒装|香港直邮】德国芭乐雅Balea玻尿酸安瓶浓缩精华提拉紧致定妆安瓶7瓶装（新老版本随机发货）', '【提拉紧致 补水保湿】富含玻尿酸原液，深层保湿，增加肌肤弹性改善干燥；补充面部所需水分，深入肌肤底层锁住水分。28天一站式解决肌肤初老问题，补水-滋养-修护-新生。', '178.00', '258.00');
INSERT INTO `goods` VALUES (9, 'https://shopncstaticimage.baiyangwang.com/shop/store/goods/2/2_06306642239613902.jpg', 'https://shopncstaticimage.baiyangwang.com/shop/store/goods/2/2_06306642240327143.jpg', '2盒装|香港直邮|德国芭乐雅Balea玻尿酸安瓶浓缩精华提拉紧致定妆安瓶7瓶装（新老版本随机发货）', '【提拉紧致 补水保湿】富含玻尿酸原液，深层保湿，增加肌肤弹性改善干燥；补充面部所需水分，深入肌肤底层锁住水分。', '99.00', '159.00');
INSERT INTO `goods` VALUES (10, 'https://shopncstaticimage.baiyangwang.com/shop/store/goods/2/2_06305182823836009.jpg', 'https://shopncstaticimage.baiyangwang.com/shop/store/goods/2/2_06305182824199964.jpg', '【番茄红#405】GIORGIO ARMANI 乔治·阿玛尼 臻致丝绒哑光唇釉 6.5ml', '由大名鼎鼎阿玛尼家族打造，质地细腻臻致丝绒哑光系列，一抹让双唇饱满水润，光泽立现，让双唇焕发水润魅力，时刻保持精致双唇妆效不掉线~轻松hold住全场！', '289.00', '320.00');
INSERT INTO `goods` VALUES (11, 'https://shopncstaticimage.baiyangwang.com/shop/store/goods/2/2_06305177782913964.jpg', 'https://shopncstaticimage.baiyangwang.com/shop/store/goods/2/2_06305178537586298.jpg', '【限时2件88折】【香港直邮】【改善脱发】英国美体小铺Thebodyshop生姜洗发水控油护发400', '天然生姜汁，可彻底清洁毛发及头皮上的污垢，补充毛发所需的角质蛋白，促进毛囊正常细胞的代谢，缓解脱发，滋养发囊，使头发能在任何天气都清爽滋润', '89.00', '109.00');
INSERT INTO `goods` VALUES (12, 'https://shopncstaticimage.baiyangwang.com/shop/store/goods/2/2_06304941589791876.jpg', 'https://shopncstaticimage.baiyangwang.com/shop/store/goods/2/2_06304941593202960.jpg', '【香港直邮】日本SKII 中样九件套（神仙水+清莹露+洗面奶+面霜+前男友面膜）', '（神仙水30ml+清莹露30ml+洗面奶20g+面霜15g*2+前男友面膜4片）\n外出旅行一套就Go！含PITERA，它能够渗透至肌肤底部， 360°有效调节肌肤的天然机能，以类似天然锁水因子的成分滋养皮肤，稳定皮肤状态。令皮肤光亮白皙，肤质如婴孩般细嫩。', '758.00', '980.00');
INSERT INTO `goods` VALUES (13, 'https://shopncstaticimage.baiyangwang.com/shop/store/goods/2/2_06304262450154624.jpg', 'https://shopncstaticimage.baiyangwang.com/shop/store/goods/2/2_06304262455050150.jpg', '【香港直邮】ElizabethArden伊丽莎白雅顿绿茶蜂蜜香芬护体乳霜 400ML', '内含保湿小金豆，质地细腻，一抹融合蜂蜜、绿茶嫩白力量的身体乳，满足身体对性感的所有幻想！超大一罐滋润整个秋冬~', '119.00', '168.00');
INSERT INTO `goods` VALUES (14, 'https://shopncstaticimage.baiyangwang.com/shop/store/goods/1/1_06258534566062500.jpg', 'https://shopncstaticimage.baiyangwang.com/shop/store/goods/1/1_06220501570433621.jpg', '【李湘力荐】【买1送1】CB12薄荷漱口水 250ml*2赠50ml装1瓶 12小时口腔清净 T', '【买1送1】买1套250ml*2瓶装送1瓶50ml装\n【根源祛口气 攻克“社交癌”】从根源祛除口气，而非掩盖口臭，持续有效12小时，专利配方，口腔保健医师推荐，温和不辣口，孕妇可用。', '218.00', '338.00');
INSERT INTO `goods` VALUES (15, 'https://shopncstaticimage.baiyangwang.com/shop/store/goods/2/2_06293731082404765.jpg', 'https://shopncstaticimage.baiyangwang.com/shop/store/goods/2/2_06292888422585220.jpg', '【3支装】【塑造“天鹅颈”】【香港直邮】西班牙佳科宝Xhekpon颈纹霜40ml', '【范冰冰同款】网红颈纹霜，精致女孩不可少的颈部护理产品，提拉紧致、娇柔嫩白、水嫩光滑、淡化颈纹。守护你年龄的“伪装者”。', '228.00', '380.00');
INSERT INTO `goods` VALUES (16, 'https://shopncstaticimage.baiyangwang.com/shop/store/goods/2/2_06293106077783464.jpg', 'https://shopncstaticimage.baiyangwang.com/shop/store/goods/2/2_06293104390338107.jpg', '【3# 适合细腻白皙肌肤】【香港直邮】法国阿玛尼Armani 持久零瑕粉底液30ML 3号色', '自然遮盖肌肤瑕疵，上妆后肌肤不再粘腻，自然清爽，上妆后毛孔轻松隐形持久力：底妆不斑驳不油腻，不脱妆不暗沉，打造匀白皙的自然净女神气质，只在一抹之间~', '499.00', '580.00');
INSERT INTO `goods` VALUES (17, 'https://shopncstaticimage.baiyangwang.com/shop/store/goods/2/2_06293104389785837.jpg', 'https://shopncstaticimage.baiyangwang.com/shop/store/goods/2/2_06293104390338107.jpg', '【2# 适合自然哑光肤质】【香港直邮】法国阿玛尼Armani 持久零瑕粉底液30ML 2号色', '自然遮盖肌肤瑕疵，上妆后肌肤不再粘腻，自然清爽，上妆后毛孔轻松隐形持久力：底妆不斑驳不油腻，不脱妆不暗沉，打造匀白皙的自然净女神气质，只在一抹之间~', '499.00', '580.00');
INSERT INTO `goods` VALUES (18, 'https://shopncstaticimage.baiyangwang.com/shop/store/goods/2/2_06293058868407275.jpg', 'https://shopncstaticimage.baiyangwang.com/shop/store/goods/2/2_06293058868353548.jpg', '【香港直邮】雅诗兰黛ESTEELAUDER面部精华特润修护肌透精华露小棕瓶100ml', '巩固肌肤的天然滋润保护膜，强健保湿屏障，有效对抗紫外线入侵，每天留驻时光印记，隐形伤害不过夜。日以继夜，肌肤日渐润泽柔嫩，匀净透亮。', '898.00', '1399.00');
INSERT INTO `goods` VALUES (19, 'https://shopncstaticimage.baiyangwang.com/shop/store/goods/2/2_06293032210849494.jpg', 'https://shopncstaticimage.baiyangwang.com/shop/store/goods/2/2_06293032211838775.png', '【香港直邮】日本珂润CUREL 润浸深层保湿化妆水1号清爽型 150ml+乳液120ml', '长效保湿，四季均可使用，无酒精，无香精，无色素，温和配方，敏感肌肤的福音，补水效果实力优厚', '269.00', '418.00');
INSERT INTO `goods` VALUES (20, 'https://shopncstaticimage.baiyangwang.com/shop/store/goods/2/2_06293023589171373.jpg', 'https://shopncstaticimage.baiyangwang.com/shop/store/goods/2/2_06293023588890064.jpg', '【香港直邮】日本珂润CUREL 润浸深层保湿化妆水1号清爽型 150ml', '澄澈的质地，修护力却意外地强大。换季时节干燥泛红，用它湿敷第二天就恢复柔嫩。品牌一贯温和的特性，敏感肌、孕妇和小盆友都可以放心使用~', '139.00', '198.00');
INSERT INTO `goods` VALUES (21, 'https://shopncstaticimage.baiyangwang.com/shop/store/goods/2/2_06292897907056889.jpg', 'https://shopncstaticimage.baiyangwang.com/shop/store/goods/2/2_06292897910254703.jpg', '【2盒装】【香港直邮】韩国蒂佳婷保湿补水面膜贴 灰色黑色 清洁泡泡药丸面膜 5片（新老版本随机发货）', '【1贴美得冒泡】角质堆积、污垢排不出去，后续保养难以吸收！强力黑炭泡泡面膜，轻松解决毛孔烦恼，调理皮脂，温和净肤！敷完就想“剥蛋壳”，整天清清爽爽！', '178.00', '318.00');
INSERT INTO `goods` VALUES (22, 'https://shopncstaticimage.baiyangwang.com/shop/store/goods/2/2_06292897908569258.jpg', 'https://shopncstaticimage.baiyangwang.com/shop/store/goods/2/2_06292897910254703.jpg', '【香港直邮】韩国蒂佳婷保湿补水面膜贴 灰色黑色 清洁泡泡药丸面膜 5片（新老版本随机发货）', '【1贴美得冒泡】角质堆积、污垢排不出去，后续保养难以吸收！强力黑炭泡泡面膜，轻松解决毛孔烦恼，调理皮脂，温和净肤！敷完就想“剥蛋壳”，整天清清爽爽！', '99.00', '159.00');
INSERT INTO `goods` VALUES (23, 'https://shopncstaticimage.baiyangwang.com/shop/store/goods/2/2_06292891698249254.jpg', 'https://shopncstaticimage.baiyangwang.com/shop/store/goods/2/2_06292888422585220.jpg', '【2支装】【塑造“天鹅颈“】【香港直邮】西班牙佳科宝Xhekpon颈纹霜40ml', '【范冰冰同款】网红颈纹霜，精致女孩不可少的颈部护理产品，提拉紧致、娇柔嫩白、水嫩光滑、淡化颈纹。守护你年龄的“伪装者”。', '159.00', '258.00');
INSERT INTO `goods` VALUES (24, 'https://shopncstaticimage.baiyangwang.com/shop/store/goods/2/2_06292844558586225.jpg', 'https://shopncstaticimage.baiyangwang.com/shop/store/goods/2/2_06269520500194321.jpg', '【2盒装】【香港直邮】【急救补水针剂面膜】JM肌司研水滋养水盈补水面膜（黑臻版）10片', '添加五种透明质酸，集中补水，肌肤急救诊疗包，拯救水“肌”渴，纤维素面膜纸达到密集补水的效果，脸部能感受到集中水滋养，有效锁住精华传递给肌肤，让肌肤弹力满满！', '139.00', '256.00');
INSERT INTO `goods` VALUES (25, 'https://shopncstaticimage.baiyangwang.com/shop/store/goods/2/2_06292170123814188.jpg', 'https://shopncstaticimage.baiyangwang.com/shop/store/goods/2/2_06292170123538082.jpg', '【2支装】【香港直邮】日本DHC橄榄护唇膏1.5g*2支（新老版本随机发货）', '纯橄榄天然成分，富含橄榄精华油，有较好的软化角质作用，很滋润且不腻不粘，无色无味，用起来嘴唇很润', '89.00', '158.00');
INSERT INTO `goods` VALUES (26, 'https://shopncstaticimage.baiyangwang.com/shop/store/goods/2/2_06292170123521329.jpg', 'https://shopncstaticimage.baiyangwang.com/shop/store/goods/2/2_06292170123538082.jpg', '【香港直邮】日本DHC橄榄护唇膏1.5g（新老版本随机发货）', '纯橄榄天然成分，富含橄榄精华油，有较好的软化角质作用，很滋润且不腻不粘，无色无味，用起来嘴唇很润', '59.00', '79.00');
INSERT INTO `goods` VALUES (27, 'https://shopncstaticimage.baiyangwang.com/shop/store/goods/2/2_06292069708741766.jpg', 'https://shopncstaticimage.baiyangwang.com/shop/store/goods/2/2_06292069709771339.jpg', '【香港直邮】法国迪奥Dior烈焰蓝金口红080#', '暖调橙红，红多橘少，显白不挑皮，薄涂厚涂抿掉表面都很好看，日常不出错，清新特烈自由切换。', '278.00', '320.00');
INSERT INTO `goods` VALUES (28, 'https://shopncstaticimage.baiyangwang.com/shop/store/goods/2/2_06292003116567101.jpg', 'https://shopncstaticimage.baiyangwang.com/shop/store/goods/2/2_06292003117511949.jpg', '【蔡徐坤同款】【香港直邮】 欧莱雅小黑瓶青春密码酵素精华肌底液 30ml', '【“酵”醒肌肤年轻光采】平价小黑瓶，精选欧洲种子，汲取高纯度酵素，给护肤满满的精华，采用超声波提取技术，尽可能保证营养成分不流失，在基础保湿后使用，能更好地促进后续护肤品的吸收。', '219.00', '350.00');
INSERT INTO `goods` VALUES (29, 'https://shopncstaticimage.baiyangwang.com/shop/store/goods/2/2_06289649088323826.jpg', 'https://shopncstaticimage.baiyangwang.com/shop/store/goods/2/2_06289649089858024.jpg', '【香港直邮】法国BIOTHERM/碧欧泉紧致洁面乳125ml', '紧致轮廓，即时平滑肌肤。任凭油光雾霾肆虐，男人也要保持肌肤水嫩。洗净脏污皮脂，洗去一天倦容，还原清爽洁净面孔！', '298.00', '360.00');
INSERT INTO `goods` VALUES (30, 'https://shopncstaticimage.baiyangwang.com/shop/store/goods/2/2_06289647291039243.jpg', 'https://shopncstaticimage.baiyangwang.com/shop/store/goods/2/2_06289647291094962.jpg', '【张艺兴同款】【香港直邮】法国BIOTHERM/碧欧泉水动力洁面乳125ml', '油痘皮福音，绵密细腻泡沫，温和去角质；让皮肤舒适不紧绷，即刻清爽振奋，性价比高用量省！', '219.00', '299.00');
INSERT INTO `goods` VALUES (31, 'https://shopncstaticimage.baiyangwang.com/shop/store/goods/2/2_06289639505162148.jpg', 'https://shopncstaticimage.baiyangwang.com/shop/store/goods/2/2_06289639504466352.jpg', '【张艺兴同款】【香港直邮】法国碧欧泉Biotherm男士水动力保湿清洁套装 （版本随机发货）', '（洁面乳125ml+保湿乳75ml)\n锁水保湿，赶走干燥、粗糙、起皮，皮肤瞬间泽润舒畅，持续锁水肌肤零负担。澎湃源泉，核心成分，提升皮肤弹性，温和养护水润肌。', '398.00', '598.00');
INSERT INTO `goods` VALUES (32, 'https://shopncstaticimage.baiyangwang.com/shop/store/goods/2/2_06289446607792653.jpg', 'https://shopncstaticimage.baiyangwang.com/shop/store/goods/2/2_06289446609699414.jpg', '【香港直邮】美国海蓝之谜LAMER经典传奇精华面霜60ml', '糅合具有修护力量的深海巨藻，与多种天然矿植物精华融合而成神奇活性精粹修护焕新配方，能持久地为肌肤注入焕新能量，重启肌肤自我修护力，令肌肤重回细、柔、匀、亮的状态。', '1998.00', '2550.00');
INSERT INTO `goods` VALUES (33, 'https://shopncstaticimage.baiyangwang.com/shop/store/goods/2/2_06289411228439354.jpg', 'https://shopncstaticimage.baiyangwang.com/shop/store/goods/2/2_06289411229334941.jpg', '【香港直邮】韩国雪花秀滋盈人参水乳两件套人参水乳套盒弹润紧颜（新老版本随机发货）', '凝练萃取出的整颗人参精华可以改善肌肤瑕疵，使肌肤驻龄，守护紧致与弹嫩肌肤，保护肌肤抵御外界刺激，使肌肤更加莹润光滑，平衡肤质。', '658.00', '1399.00');
INSERT INTO `goods` VALUES (34, 'https://shopncstaticimage.baiyangwang.com/shop/store/goods/2/2_06289371177098774.jpg', 'https://shopncstaticimage.baiyangwang.com/shop/store/goods/2/2_06289371177688054.jpg', '【热巴同款】【香港直邮】法国娇韵诗Clarins黄金双萃赋活修护精华露 30ml 抗初老精华', '结合两种修护精华，满满的科技感，黄金水油比例， 360°提升肌肤自我修护能力，逆转时光痕迹，回复青春容颜。高级感的香味很好闻哦~', '559.00', '699.00');
INSERT INTO `goods` VALUES (35, 'https://shopncstaticimage.baiyangwang.com/shop/store/goods/2/2_06288788333733883.jpg', 'https://shopncstaticimage.baiyangwang.com/shop/store/goods/2/2_06288788337242387.jpg', '【200ml 超值2瓶装】【香港直邮】日本DHC深层卸妆油 200ml*2瓶', '以优质橄榄精华油为主要成分，虽是“油类”，却具有水溶性，用清水即可洗净。不管是什么顽固彩妆到他这里也要乖乖听话，卸妆超干净，卸完水润一点也不干燥。', '278.00', '299.00');
INSERT INTO `goods` VALUES (36, 'https://shopncstaticimage.baiyangwang.com/shop/store/goods/2/2_06288674369184085.jpg', 'https://shopncstaticimage.baiyangwang.com/shop/store/goods/2/2_06288674370817414.jpg', '【香港直邮】【16# 斯嘉丽红】美国汤姆福特TomFordTF黑金黑管口红唇膏热卖色', '【16# SCARLETROUGE 斯嘉丽红】质地滋润、完全不拔干，没有显唇纹的现象，薄涂厚涂都美腻，很显白很有气质，每个女孩都喜欢~', '379.00', '480.00');
INSERT INTO `goods` VALUES (37, 'https://shopncstaticimage.baiyangwang.com/shop/store/goods/2/2_06288590444240002.jpg', 'https://shopncstaticimage.baiyangwang.com/shop/store/goods/2/2_06288590449211384.jpg', '【香港直邮】【#7薄纱玫瑰】法国纪梵希四宫格轻盈无痕明星散粉蜜粉四色散粉提亮肤色 12g /盒', '纪梵希热销星品！采用棱镜原理，为不同肤色定制，如空气般轻盈质地，定妆更精致！上脸清透，粉质细腻，一般持妆一整天是没有问题的，特别适合油皮和喜欢轻盈妆感的妹子。', '458.00', '549.00');
INSERT INTO `goods` VALUES (38, 'https://shopncstaticimage.baiyangwang.com/shop/store/goods/2/2_06288597595044916.jpg', 'https://shopncstaticimage.baiyangwang.com/shop/store/goods/2/2_06288590445707987.jpg', '【香港直邮】【#5丝缎珍珠】法国纪梵希四宫格轻盈无痕明星散粉蜜粉四色散粉提亮肤色 12g /盒', '纪梵希热销星品！采用棱镜原理，为不同肤色定制，如空气般轻盈质地，定妆更精致！上脸清透，粉质细腻，一般持妆一整天是没有问题的，特别适合油皮和喜欢轻盈妆感的妹子。', '458.00', '549.00');
INSERT INTO `goods` VALUES (39, 'https://shopncstaticimage.baiyangwang.com/shop/store/goods/2/2_06288590433211748.jpg', 'https://shopncstaticimage.baiyangwang.com/shop/store/goods/2/2_06288590436347652.jpg', '【香港直邮】【#2塔夫米色】法国纪梵希四宫格轻盈无痕明星散粉蜜粉四色散粉提亮肤色 12g /盒', '纪梵希热销星品！采用棱镜原理，为不同肤色定制，如空气般轻盈质地，定妆更精致！上脸清透，粉质细腻，一般持妆一整天是没有问题的，特别适合油皮和喜欢轻盈妆感的妹子。', '458.00', '549.00');
INSERT INTO `goods` VALUES (40, 'https://shopncstaticimage.baiyangwang.com/shop/store/goods/2/2_06288590432322984.jpg', 'https://shopncstaticimage.baiyangwang.com/shop/store/goods/2/2_06288590435679273.jpg', '【香港直邮】【#1慕沙淡彩】法国纪梵希四宫格轻盈无痕明星散粉蜜粉四色散粉提亮肤色 12g /盒', '纪梵希热销星品！采用棱镜原理，为不同肤色定制，如空气般轻盈质地，定妆更精致！上脸清透，粉质细腻，一般持妆一整天是没有问题的，特别适合油皮和喜欢轻盈妆感的妹子。', '458.00', '549.00');
INSERT INTO `goods` VALUES (41, 'https://shopncstaticimage.baiyangwang.com/shop/store/goods/2/2_06288559842267215.jpg', 'https://shopncstaticimage.baiyangwang.com/shop/store/goods/2/2_06288559844377480.jpg', '【香港直邮】意大利宝格丽BVLGARI大吉岭茶浅色男士香水100ML（EDT)', '简约大气，清新低调，可以轻松分辨茶香、柑橘、橙花味，茶语柑橘清新交织，有一点水生调的凉感，散发鲜活气息。', '519.00', '699.00');
INSERT INTO `goods` VALUES (42, 'https://shopncstaticimage.baiyangwang.com/shop/store/goods/2/2_06288534694175837.jpg', 'https://shopncstaticimage.baiyangwang.com/shop/store/goods/2/2_06288534695914839.jpg', '【香港直邮】韩国科颜氏Kiehl\'s 高保湿清爽面霜125ml T', '滋润轻薄打造肌肤水嫩超魅力。特别适合中性偏油肤质，油性肤质，啫喱质地非常清爽，渗入保水、活化肌肤、持续保湿、集中补水的同时，能明显减少脸部出油，使肌肤恢复自然油水平衡。', '449.00', '580.00');
INSERT INTO `goods` VALUES (43, 'https://shopncstaticimage.baiyangwang.com/shop/store/goods/2/2_06288534694175837.jpg', 'https://shopncstaticimage.baiyangwang.com/shop/store/goods/2/2_06288536990370490.jpg', '【香港直邮】美国科颜氏Kiehl\'s高保湿清爽啫喱面霜50ml', '滋润轻薄打造肌肤水嫩超魅力。特别适合中性偏油肤质，油性肤质，啫喱质地非常清爽，渗入保水、活化肌肤、持续保湿、集中补水的同时，能明显减少脸部出油，使肌肤恢复自然油水平衡。', '219.00', '315.00');
INSERT INTO `goods` VALUES (44, 'https://shopncstaticimage.baiyangwang.com/shop/store/goods/2/2_06287933099822898.jpg', 'https://shopncstaticimage.baiyangwang.com/shop/store/goods/2/2_06287937565455516.jpg', '【香港直邮】美国科颜氏kiehls极尽美白淡斑精华30ml 焕白均衡亮肤去痘印', '满满浓缩精华，看得见的浓稠厚重，好吸收，肌肤无负担。如果能够长期坚持下来，能看到亮白效果，而且不会反弹，让初老的肌肤干净白皙~', '398.00', '520.00');
INSERT INTO `goods` VALUES (45, 'https://shopncstaticimage.baiyangwang.com/shop/store/goods/2/2_06287915761195800.jpg', 'https://shopncstaticimage.baiyangwang.com/shop/store/goods/2/2_06219728131424676.jpg', '【2瓶装】【香港直邮】美国科颜氏kiehls高效保湿水250ml*2瓶', '浓稠的啫喱在脸上能够很快被肌肤水化吸收，杏核油、牛油果油及甜杏仁油等滋润成分，令肌肤柔嫩细腻的同时调节酸碱平衡，形成肌肤天然屏障。冬天寒风凌冽也不怕脸疼啦', '298.00', '599.00');
INSERT INTO `goods` VALUES (46, 'https://shopncstaticimage.baiyangwang.com/shop/store/goods/2/2_06287901037595184.jpg', 'https://shopncstaticimage.baiyangwang.com/shop/store/goods/2/2_06287901038031227.jpg', '【香港直邮】日本CPB肌肤之钥妆前乳隔离霜清爽型短管 30ml', '清爽不油腻，通透微遮瑕。三重光层科技，自带打光效果，强大的磨皮柔焦效果，自然美颜；保湿精华，后续底妆更服帖，告别卡纹等底妆烦恼；多种保养配方，带妆也能有效滋养。', '489.00', '599.00');
INSERT INTO `goods` VALUES (47, 'https://shopncstaticimage.baiyangwang.com/shop/store/goods/2/2_06285934756518757.jpg', 'https://shopncstaticimage.baiyangwang.com/shop/store/goods/2/2_06285934756996098.jpg', '【香港直邮】韩国后Whoo拱辰享美玉琼隔离精华40ml', '【绽放柔润无暇肌底】保护肌肤，有效隔离彩妆和灰尘污染；珠光效果，展现多光谱绚丽色彩，增添肌肤之美。', '238.00', '398.00');
INSERT INTO `goods` VALUES (48, 'https://shopncstaticimage.baiyangwang.com/shop/store/goods/2/2_06282695638968441.jpg', 'https://shopncstaticimage.baiyangwang.com/shop/store/goods/2/2_06282695639785605.jpg', '【2瓶装】【香港直邮】法国贝德玛Bioderma卸妆水 粉水500ml*2包邮包税', '【卸妆界的网红】超大容量，一瓶能用整个一个季度！懒人必备的四效合一卸妆水，不含香精酒精，非常舒缓温和，眼妆唇妆普通彩妆都可以！尤其适合中干性肌肤！', '208.00', '398.00');
INSERT INTO `goods` VALUES (49, 'https://shopncstaticimage.baiyangwang.com/shop/store/goods/2/2_06282689223502308.jpg', 'https://shopncstaticimage.baiyangwang.com/shop/store/goods/2/2_06282689224117810.jpg', '【香港直邮】法国贝德玛Bioderma卸妆水 粉水500ml 包邮包税', '【卸妆界的网红】500ml超大容量，一瓶能用整个一个季度！懒人必备的四效合一卸妆水，不含香精酒精，非常舒缓温和，眼妆唇妆普通彩妆都可以！尤其适合中干性肌肤！', '109.00', '199.00');
INSERT INTO `goods` VALUES (50, 'https://shopncstaticimage.baiyangwang.com/shop/store/goods/1/1_06277532662568569.jpg', 'https://shopncstaticimage.baiyangwang.com/shop/store/goods/1/1_06161508660872351.jpg', '【买立减180】【3盒】【对抗初老】润百颜蜂巢玻尿酸紧致次抛原液1毫升/支 5支 肌肤进补“燕窝”', '明星同款的出游必备抗初老精华液，补充因岁月流逝带走的肌肤青春能量，黑科技二裂酵母提取物深入肌底释放弹力少女肌，复配玻尿酸成分补充肌肤水分，坚持使用愈见肌肤年轻状态！', '188.00', '458.00');
INSERT INTO `goods` VALUES (51, 'https://shopncstaticimage.baiyangwang.com/shop/store/goods/2/2_06277449973280586.jpg', 'https://shopncstaticimage.baiyangwang.com/shop/store/goods/2/2_06277449973724722.jpg', '【香港直邮】SK-II神仙水嫩肤旅行装（神仙水/晶莹露各30ml+洁面20g+大红瓶面霜15g）', '补水保湿 呵护肌肤，促进肌肤代谢，让保养成分更容易渗透肌肤里层，为肌肤打好基础，帮助改善肌肤自然生理作用，由内而外调理及修复肌肤的问题。', '398.00', '638.00');
INSERT INTO `goods` VALUES (52, 'https://shopncstaticimage.baiyangwang.com/shop/store/goods/2/2_06277441543065449.jpg', 'https://shopncstaticimage.baiyangwang.com/shop/store/goods/2/2_06277441543410595.jpg', '【香港直邮】美国科颜氏Kiehl\'s高保湿三件套（面霜7ml+水40ml+洁面30ml小样）', '高保湿明星系列，洁面乳温和清洁肌肤，唤醒肌肤持续锁水屏障，水霜快速吸收，形成肌肤“水循环”，强化肌肤屏障，让肌肤柔润细腻有光泽。', '139.00', '199.00');
INSERT INTO `goods` VALUES (53, 'https://shopncstaticimage.baiyangwang.com/shop/store/goods/2/2_06277607096986613.jpg', 'https://shopncstaticimage.baiyangwang.com/shop/store/goods/2/2_06256783753879944.jpg', '【香港直邮】美国科颜氏Kiehl\'s高保湿洗护组合（水250ml+乳液125ml+洁面乳150ml）', '高保湿明星系列，洁面乳温和清洁肌肤，唤醒肌肤持续锁水屏障，水霜快速吸收，形成肌肤“水循环”，强化肌肤屏障，让肌肤柔润细腻有光泽。', '498.00', '756.00');
INSERT INTO `goods` VALUES (54, 'https://shopncstaticimage.baiyangwang.com/shop/store/goods/2/2_06277352261853429.jpg', 'https://shopncstaticimage.baiyangwang.com/shop/store/goods/2/2_06277352261853429.jpg', '【香港直邮】美国科颜氏Kiehl\'s高保湿水乳组合套装 高保湿水250ml+高保湿乳液125ml', '科颜氏经典明星产品组合，无论是高保湿精华爽肤水还是乳液，均温和有效，都蕴含经典保湿成分角鲨烷、杏仁油、鳄梨油，能在干燥的环境下为肌肤持续补充水分，让皮肤柔润细腻。', '358.00', '518.00');
INSERT INTO `goods` VALUES (55, 'https://shopncstaticimage.baiyangwang.com/shop/store/goods/2/2_06277337283572138.jpg', 'https://shopncstaticimage.baiyangwang.com/shop/store/goods/2/2_06277337337458104.jpg', '【香港直邮】美国科颜氏kiehls高效保湿洁面乳洗面奶 150ml', '明星高保湿系列，保持水份，滋润柔滑，泡沫丰盈，温和洁净不紧绷；添加多种天然营养，直达肌底调理肌肤受损保湿力，唤醒肌肤持续锁水屏障，由内而外，肌肤润泽水嘟嘟~', '149.00', '238.00');
INSERT INTO `goods` VALUES (56, 'https://shopncstaticimage.baiyangwang.com/shop/store/goods/1/1_06277308453206612.jpg', 'https://shopncstaticimage.baiyangwang.com/shop/store/goods/1/1_06277310982549869.jpg', '【李湘力荐 美白牙齿】CB12亮白漱口水 250ml+CB12薄荷漱口水50ml', '【无酒精美白】12小时根源去口气，亮白牙齿、根源去除口臭、巩固牙齿 三效合一', '227.00', '299.00');
INSERT INTO `goods` VALUES (57, 'https://shopncstaticimage.baiyangwang.com/shop/store/goods/2/2_06274875640411965.jpg', 'https://shopncstaticimage.baiyangwang.com/shop/store/goods/2/2_06274875640969093.jpg', '【香港直邮】美国雅诗兰黛Estee Lauder弹性紧实柔肤晚霜 15ml*2瓶', '于睡眠中释放让人放松的香味，抵御夜间干燥缺水，由内而外深层补水，充盈胶原蛋白，有效提升肌肤弹性，紧致松弛的肌肤，早晨起来，肌肤绽放光泽，尽显年轻姿态。', '179.00', '258.00');
INSERT INTO `goods` VALUES (58, 'https://shopncstaticimage.baiyangwang.com/shop/store/goods/2/2_06274047024292956.jpg', 'https://shopncstaticimage.baiyangwang.com/shop/store/goods/2/2_06244448431792340.jpg', '【香港直邮】美国Estee Lauder雅诗兰黛小棕瓶抗蓝光眼霜小样5ml+眼部密集精华小样5ml', '【无惧蓝光 任性刷屏 保湿修护弹嫩透亮】一瓶击破眼部肌肤的老化问题，质地清爽不黏腻，持续改善眼部肌肤的干纹、黑眼圈等问题，守护你的青春，密集修护放大年轻精彩', '268.00', '398.00');
INSERT INTO `goods` VALUES (59, 'https://shopncstaticimage.baiyangwang.com/shop/store/goods/2/2_06210145752098000.jpg', 'https://shopncstaticimage.baiyangwang.com/shop/store/goods/2/2_06210145752098000.jpg', '【香港直邮】美国Estee Lauder雅诗兰黛新款小棕瓶抗蓝光眼霜15ml+眼部密集精华15ml', '【无惧蓝光 任性刷屏 保湿修护弹嫩透亮】一瓶击破眼部肌肤的老化问题，质地清爽不黏腻，持续改善眼部肌肤的干纹、黑眼圈等问题，守护你的青春，密集修护放大年轻精彩', '719.00', '999.00');
INSERT INTO `goods` VALUES (60, 'https://shopncstaticimage.baiyangwang.com/shop/store/goods/2/2_06274029297486284.jpg', 'https://shopncstaticimage.baiyangwang.com/shop/store/goods/2/2_06240165144921141.jpg', '【香港直邮】雅诗兰黛Estee Lauder红石榴日霜15ml+晚霜7ml*2', '【红石榴日霜】添加天然矿物质及抗氧成分，上脸滋润轻薄无负担\n【红石榴晚霜】蕴含红石榴系列果莓复合精粹，锁定夜晚肌肤自我修护“黄金期”~', '198.00', '315.00');
INSERT INTO `goods` VALUES (61, 'https://shopncstaticimage.baiyangwang.com/shop/store/goods/2/2_06274022728056032.jpg', 'https://shopncstaticimage.baiyangwang.com/shop/store/goods/2/2_06231544723760611.jpg', '【香港直邮】美国雅诗兰黛ESTĒE LAUDER红石榴日霜鲜活亮采营养面霜15ml*3', '添加天然矿物质及抗氧成分，有股淡淡石榴味，上脸很润，滋润且轻薄，毫无负担，大干皮如果想入一款保湿效果好又不会油光满面的的面霜，就属红石榴无疑了', '319.00', '399.00');
INSERT INTO `goods` VALUES (62, 'https://shopncstaticimage.baiyangwang.com/shop/store/goods/2/2_06273914433182499.jpg', 'https://shopncstaticimage.baiyangwang.com/shop/store/goods/2/2_06240167008000211.jpg', '【香港直邮】雅诗兰黛Estee Lauder红石榴日霜15ml+晚霜7ml*2+小棕瓶眼霜 5ml', '【红石榴日霜】添加天然矿物质及抗氧成分，上脸滋润轻薄无负担\n【红石榴晚霜】蕴含红石榴系列果莓复合精粹，锁定夜晚肌肤自我修护“黄金期”~\n【抗蓝光眼霜】无惧蓝光 任性刷屏，持续改善眼部干纹、黑眼圈等问题。', '318.00', '458.00');
INSERT INTO `goods` VALUES (63, 'https://shopncstaticimage.baiyangwang.com/shop/store/goods/2/2_06269750538791310.jpg', 'https://shopncstaticimage.baiyangwang.com/shop/store/goods/2/2_06269752661985623.jpg', '【新西兰直邮】【4支装】新西兰红印天然蜂胶牙膏100g*4支装', '【牙龈出血终结者】甄选新西兰麦卢卡蜂胶，改善牙龈出血、牙龈上火。黄酮类化合物天然滋养，深入牙缝清洁，温和呵护口腔健康，从此告别脆弱牙龈！', '128.00', '178.00');
INSERT INTO `goods` VALUES (64, 'https://shopncstaticimage.baiyangwang.com/shop/store/goods/2/2_06269749031117437.jpg', 'https://shopncstaticimage.baiyangwang.com/shop/store/goods/2/2_06269749031117437.jpg', '【限时买2组减40】【香港直邮】2支装 韩国雪花秀雨润夜间修护面膜30ml*2支', '补水去黄，质地清爽不油腻，基础护肤后涂抹，光滑皮肤，一觉起来会发现肌肤紧致有光泽。', '118.00', '168.00');
INSERT INTO `goods` VALUES (65, 'https://shopncstaticimage.baiyangwang.com/shop/store/goods/2/2_06269744723618748.jpg', 'https://shopncstaticimage.baiyangwang.com/shop/store/goods/2/2_06269747705522883.jpg', '【限时买2组减40】【香港直邮】日本DAISO 大创胎盘素白皙淡斑乳液 25g', '物美价廉到爆炸的补水亮白乳液，一抹改变黑历史，肤色每天都在变', '39.00', '129.00');
INSERT INTO `goods` VALUES (66, 'https://shopncstaticimage.baiyangwang.com/shop/store/goods/2/2_06269740983361260.jpg', 'https://shopncstaticimage.baiyangwang.com/shop/store/goods/2/2_06269743760706715.jpg', '【香港直邮】【油皮福音】韩国悦诗风吟Innisfree火山泥清洁洗面奶 150ml 洁面', '以济州岛纯净珍贵的火山泥为原料，深入清洁肌肤！细小的微粒构造，让毛孔能够更好地吸收精华物质，解决痘痘、毛孔粗大、黑头等各种皮肤问题，皮肤清爽~', '69.00', '99.00');
INSERT INTO `goods` VALUES (67, 'https://shopncstaticimage.baiyangwang.com/shop/store/goods/2/2_06269738955176732.jpg', 'https://shopncstaticimage.baiyangwang.com/shop/store/goods/2/2_06269738959044568.jpg', '【香港直邮】AHC B5玻尿酸深层清洁补水保湿泡沫洁面乳 20周年限量版', '将清洁带入毛孔级，添加B5精华，清洁同时实现护肤，有效对抗皮肤的干燥缺水，提高肌肤活性，让护肤品更容易吸收。温和质地，敏感肌也可安心使用。', '79.00', '128.00');
INSERT INTO `goods` VALUES (68, 'https://shopncstaticimage.baiyangwang.com/shop/store/goods/2/2_06269590232553604.jpg', 'https://shopncstaticimage.baiyangwang.com/shop/store/goods/2/2_06269590232573113.jpg', '【香港直邮】【2盒装】韩国 JMsolution 水滋养牛油果营养精油面膜 JM面膜10片*2盒', '集清爽补水+补充胶原+紧致嫩肤+温和无负担型的面膜，安瓶精华和面膜精华给肌肤进行营养补充，改善粗糙肤态，重焕水光细腻。', '139.00', '256.00');
INSERT INTO `goods` VALUES (69, 'https://shopncstaticimage.baiyangwang.com/shop/store/goods/2/2_06269590232553604.jpg', 'https://shopncstaticimage.baiyangwang.com/shop/store/goods/2/2_06269590232553604.jpg', '【香港直邮】韩国 JMsolution 水滋养牛油果营养精油面膜10片 JM面膜', '集清爽补水+补充胶原+紧致嫩肤+温和无负担型的面膜，安瓶精华和面膜精华给肌肤进行营养补充，改善粗糙肤态，重焕水光细腻。', '79.00', '128.00');
INSERT INTO `goods` VALUES (70, 'https://shopncstaticimage.baiyangwang.com/shop/store/goods/2/2_06269585503433777.jpg', 'https://shopncstaticimage.baiyangwang.com/shop/store/goods/2/2_06269585505791323.jpg', '【香港直邮】韩国JMsolution JM 新款水滋养针剂氨基酸面膜10片', '含精华+精油安瓶，亲肤贴合，倍效渗透，肌肤水润强韧，氨基酸双重混合，镇定舒缓肌肤，营养保湿，滋润紧致护理。', '79.00', '128.00');
INSERT INTO `goods` VALUES (71, 'https://shopncstaticimage.baiyangwang.com/shop/store/goods/2/2_06269577018331051.jpg', 'https://shopncstaticimage.baiyangwang.com/shop/store/goods/2/2_06269577018190834.jpg', '【香港直邮】【2盒装】韩国JMsolution 新款维他面膜10片*2盒', '【能量水库】维他命解渴焕活，富含烟酰胺，深度提亮肤色，含叶酸、抗坏血酸，活力滋润，减少暗沉，焕亮肌肤。', '139.00', '256.00');
INSERT INTO `goods` VALUES (72, 'https://shopncstaticimage.baiyangwang.com/shop/store/goods/2/2_06269577018331051.jpg', 'https://shopncstaticimage.baiyangwang.com/shop/store/goods/2/2_06269577018190834.jpg', '【香港直邮】韩国JMsolution 新款维他面膜10片', '【能量水库】维他命解渴焕活，富含烟酰胺，深度提亮肤色，含叶酸、抗坏血酸，活力滋润，减少暗沉，焕亮肌肤。', '79.00', '128.00');
INSERT INTO `goods` VALUES (73, 'https://shopncstaticimage.baiyangwang.com/shop/store/goods/2/2_06269572818027667.jpg', 'https://shopncstaticimage.baiyangwang.com/shop/store/goods/2/2_06269572817325875.jpg', '【香港直邮】【2盒装】韩国JMsolution 欧若拉润光粉色樱花面膜贴10片/盒 JM面膜*2盒', '【肌肤焕发光彩】含有樱花提取物和透明质酸及丰富的精华，不含矿物油不用担心闷肤闷痘，给面部做个SPA~', '139.00', '256.00');
INSERT INTO `goods` VALUES (74, 'https://shopncstaticimage.baiyangwang.com/shop/store/goods/2/2_06269572818229673.jpg', 'https://shopncstaticimage.baiyangwang.com/shop/store/goods/2/2_06269572817325875.jpg', '【香港直邮】韩国JMsolution 欧若拉润光粉色樱花面膜贴10片/盒 JM面膜', '【肌肤焕发光彩】含有樱花提取物和透明质酸及丰富的精华，不含矿物油不用担心闷肤闷痘，给面部做个SPA~', '79.00', '128.00');
INSERT INTO `goods` VALUES (75, 'https://shopncstaticimage.baiyangwang.com/shop/store/goods/2/2_06269565744451111.jpg', 'https://shopncstaticimage.baiyangwang.com/shop/store/goods/2/2_06269561688621706.jpg', '【香港直邮】【2盒装】韩国JMsolution玻尿酸黄金蚕丝蛋白精华水光面膜 10片*2盒', '添加了贵妇级的黄金蚕丝蛋白成分，高浓度蛋白远远甩出别的面膜好几条街， 液充足，良心之作，精华液粘稠可拉丝，营养十足，使用15min，光泽重现，肌肤水润嘭嘭感~', '208.00', '375.00');
INSERT INTO `goods` VALUES (76, 'https://shopncstaticimage.baiyangwang.com/shop/store/goods/2/2_06269561685753228.jpg', 'https://shopncstaticimage.baiyangwang.com/shop/store/goods/2/2_06269561688618419.jpg', '【香港直邮】韩国JMsolution玻尿酸黄金蚕丝蛋白精华水光面膜 JM 面膜 10片装', '添加了贵妇级的黄金蚕丝蛋白成分，高浓度蛋白远远甩出别的面膜好几条街， 液充足，良心之作，精华液粘稠可拉丝，营养十足，使用15min，光泽重现，肌肤水润嘭嘭感~', '109.00', '189.00');
INSERT INTO `goods` VALUES (77, 'https://shopncstaticimage.baiyangwang.com/shop/store/goods/2/2_06269556726038859.jpg', 'https://shopncstaticimage.baiyangwang.com/shop/store/goods/2/2_06269556726600207.jpg', '【香港直邮】【2盒装】韩国JMsolution 新款大米面膜深层补水保湿10片装*2盒 JM 面膜', '由清澈的水质，肥沃的土壤中孕育而生的铁原五台米发酵而成的乳酸酵母面膜为松弛的肌肤集中提供充足的营养，打造明晰清亮的肌肤。', '139.00', '256.00');
INSERT INTO `goods` VALUES (78, 'https://shopncstaticimage.baiyangwang.com/shop/store/goods/2/2_06269556725375884.jpg', 'https://shopncstaticimage.baiyangwang.com/shop/store/goods/2/2_06269556726600207.jpg', '【香港直邮】韩国JMsolution 新款大米面膜深层补水保湿10片装 JM 面膜', '由清澈的水质，肥沃的土壤中孕育而生的铁原五台米发酵而成的乳酸酵母面膜为松弛的肌肤集中提供充足的营养，打造明晰清亮的肌肤。', '79.00', '128.00');
INSERT INTO `goods` VALUES (79, 'https://shopncstaticimage.baiyangwang.com/shop/store/goods/2/2_06269549945514940.jpg', 'https://shopncstaticimage.baiyangwang.com/shop/store/goods/2/2_06269549950941406.jpg', '【香港直邮】【2盒装】韩国JMsolution海洋珍珠面膜三部曲（精华+眼霜+面膜） 10片 *2盒', '【护肤三部曲】多种植物精华导入，让肌肤吸收养分，面膜强化肌肤保护力，眼霜呵护眼周围，技能up提升，肌肤改善效果肉眼可见！', '139.00', '256.00');
INSERT INTO `goods` VALUES (80, 'https://shopncstaticimage.baiyangwang.com/shop/store/goods/2/2_06269549943149569.jpg', 'https://shopncstaticimage.baiyangwang.com/shop/store/goods/2/2_06269549950941406.jpg', '【香港直邮】韩国JMsolution 海洋珍珠面膜三部曲 JM面膜 10片装 （精华+眼霜+面膜）', '【护肤三部曲】多种植物精华导入，让肌肤吸收养分，面膜强化肌肤保护力，眼霜呵护眼周围，技能up提升，肌肤改善效果肉眼可见！', '79.00', '128.00');
INSERT INTO `goods` VALUES (81, 'https://shopncstaticimage.baiyangwang.com/shop/store/goods/2/2_06269545473572933.jpg', 'https://shopncstaticimage.baiyangwang.com/shop/store/goods/2/2_06269545475655214.jpg', '【香港直邮】【3盒】JM肌司研莹润蜂胶面膜+水滋养水盈补水面膜+海洋珍珠面膜三部曲10片*3盒', '【急救补水针剂面膜】添加五种透明质酸，集中补水，肌肤急救诊疗包，拯救水“肌”渴，让肌肤弹力满满！\n【水光蜂蜜面膜】富含三种蜂蜜：蜂胶、绿蜂胶、蜂王浆，焕发光彩肌肤，水润光泽！\n【珍珠护肤三部曲】多种植物精华导入，强化肌肤保护力！', '219.00', '338.00');
INSERT INTO `goods` VALUES (82, 'https://shopncstaticimage.baiyangwang.com/shop/store/goods/2/2_06269539938436040.png', 'https://shopncstaticimage.baiyangwang.com/shop/store/goods/2/2_06269539937891889.jpg', '【香港直邮】【2盒】JM肌司研莹润蜂胶面膜（黑臻版）+水滋养水盈补水面膜（黑臻版）10片*2盒', '【急救补水针剂面膜】添加五种透明质酸，集中补水，肌肤急救诊疗包，拯救水“肌”渴，让肌肤弹力满满！\n【水光蜂蜜面膜】富含三种蜂蜜：蜂胶、绿蜂胶、蜂王浆，焕发光彩肌肤，水润光泽！', '139.00', '256.00');
INSERT INTO `goods` VALUES (83, 'https://shopncstaticimage.baiyangwang.com/shop/store/goods/2/2_06269536485589446.jpg', 'https://shopncstaticimage.baiyangwang.com/shop/store/goods/2/2_06269525100278961.jpg', '【香港直邮】【2盒装】【 紧致保湿补水】JM肌司研莹润蜂胶面膜（黑臻版）10片*2盒', '水光蜂蜜面膜富含三种蜂蜜：蜂胶、绿蜂胶、蜂王浆，一片面膜让你肌肤享受甜蜜的润养，焕发光彩肌肤，水润光泽，天然纤维面膜纸，轻薄服帖，柔软不刺激，让肌肤无负担感，爱上敷面膜！', '139.00', '256.00');
INSERT INTO `goods` VALUES (84, 'https://shopncstaticimage.baiyangwang.com/shop/store/goods/2/2_06269525100168176.jpg', 'https://shopncstaticimage.baiyangwang.com/shop/store/goods/2/2_06269525100278961.jpg', '【香港直邮】【 紧致保湿补水】JM肌司研莹润蜂胶面膜（黑臻版）10片', '水光蜂蜜面膜富含三种蜂蜜：蜂胶、绿蜂胶、蜂王浆，一片面膜让你肌肤享受甜蜜的润养，焕发光彩肌肤，水润光泽，天然纤维面膜纸，轻薄服帖，柔软不刺激，让肌肤无负担感，爱上敷面膜！', '79.00', '128.00');
INSERT INTO `goods` VALUES (85, 'https://shopncstaticimage.baiyangwang.com/shop/store/goods/2/2_06269520500194321.jpg', 'https://shopncstaticimage.baiyangwang.com/shop/store/goods/2/2_06269520502116170.jpg', '【香港直邮】【急救补水针剂面膜】JM肌司研水滋养水盈补水面膜（黑臻版）10片', '急救补水针剂面膜，添加五种透明质酸，集中补水，肌肤急救诊疗包，拯救水“肌”渴，纤维素面膜纸达到密集补水的效果，脸部能感受到集中水滋养，有效锁住精华传递给肌肤，让肌肤弹力满满！', '79.00', '128.00');
INSERT INTO `goods` VALUES (86, 'https://shopncstaticimage.baiyangwang.com/shop/store/goods/2/2_06268869061260979.jpg', 'https://shopncstaticimage.baiyangwang.com/shop/store/goods/2/2_06268869061640926.jpg', '【香港直邮】美国倩碧Clinique卓越润肤 无油黄油 有泵 125ml', '【油田肌推荐 轻薄无负担】柔滑的啫喱质地，还原天然肌肤水油，黄金比例，调节肌肤水油平衡，既补充肌肤所需水分，应对干燥，又不显得厚重黏腻，减轻肌肤负担。', '228.00', '298.00');
INSERT INTO `goods` VALUES (87, 'https://shopncstaticimage.baiyangwang.com/shop/store/goods/1/1_06268015225825033.jpg', 'https://shopncstaticimage.baiyangwang.com/shop/store/goods/1/1_06268019014500172.jpg', '【赠水宝宝防晒】蜜浓氨基酸补水保湿化妆水Ⅱ号150ml+美白精华液30g+保湿锁水修护霜35g', '【买即赠水宝宝防晒乳59ml1支】\n【缔造明润健康肌】温和渗透，柔滑肌理，明润点亮暗沉肌肤，脆弱敏感肌肤也可安心使用；修护霜可一霜多用：眼霜、面霜、按摩霜！质地细腻，直击多种肌肤烦恼。', '498.00', '599.00');
INSERT INTO `goods` VALUES (88, 'https://shopncstaticimage.baiyangwang.com/shop/store/goods/2/2_06267999403825546.jpg', 'https://shopncstaticimage.baiyangwang.com/shop/store/goods/2/2_06267999404215322.jpg', '【香港直邮】【修颜提亮】韩国LΛNEIGE 兰芝 隔离霜绿30ml 新款', '轻薄不闷痘，轻松隔绝外界污染物，绿隔可修饰泛红痘印，改善肤色。', '149.00', '189.00');
INSERT INTO `goods` VALUES (89, 'https://shopncstaticimage.baiyangwang.com/shop/store/goods/2/2_06267993814518720.jpg', 'https://shopncstaticimage.baiyangwang.com/shop/store/goods/2/2_06267993815155777.jpg', '【香港直邮】美国倩碧Clinique卓越润肤乳液 有油黄油 有泵 125ml', '【拯救大干皮】一触即吸收，敏感肌也安心。让皮肤也能拥有黄金水油比例~', '199.00', '259.00');
INSERT INTO `goods` VALUES (90, 'https://shopncstaticimage.baiyangwang.com/shop/store/goods/2/2_06267815195541136.jpg', 'https://shopncstaticimage.baiyangwang.com/shop/store/goods/2/2_06247212833809297.jpg', '【香港直邮】LANCÔME 兰蔻小黑瓶精华肌底眼部凝霜15ml+兰蔻小黑瓶眼部精华液20ml', '【小黑瓶精华发光眼霜】含有酵母成分，能有效淡化黑眼圈，质地轻薄好推开，不用担心会长脂肪粒。\n【小黑瓶眼部精华液：改善眼袋细纹】细腻弹润的薄乳状质地，特别容易被肌肤吸收，坚持使用，可以有效改善眼部浮肿，眼睛自然大而有神！', '719.00', '1299.00');
INSERT INTO `goods` VALUES (91, 'https://shopncstaticimage.baiyangwang.com/shop/store/goods/1/1_06265418305207061.jpg', 'https://shopncstaticimage.baiyangwang.com/shop/store/goods/1/1_06265431908464055.jpg', '【3盒】【温和补水 提亮肤色】澳洲 EAORON 玻尿酸胶原蛋白保湿面膜 5片装*3盒', '【第二代水光针面膜】1片=1支水光针原液，科学配比，营养速达肌底，加乘释放成分活力，放大肌肤水分自身呵护力，焕活水光基础，一片水润透！', '219.00', '439.00');
INSERT INTO `goods` VALUES (92, 'https://shopncstaticimage.baiyangwang.com/shop/store/goods/1/1_06265418304983830.jpg', 'https://shopncstaticimage.baiyangwang.com/shop/store/goods/1/1_06265431908464055.jpg', '【2盒】【温和补水 提亮肤色】澳洲 EAORON 玻尿酸胶原蛋白保湿面膜 5片装*2盒', '【第二代水光针面膜】1片=1支水光针原液，科学配比，营养速达肌底，加乘释放成分活力，放大肌肤水分自身呵护力，焕活水光基础，一片水润透！', '149.00', '399.00');
INSERT INTO `goods` VALUES (93, 'https://shopncstaticimage.baiyangwang.com/shop/store/goods/1/1_06265418304407670.jpg', 'https://shopncstaticimage.baiyangwang.com/shop/store/goods/1/1_06152913733296982.jpg', '【3盒装】【涂抹式玻尿酸】澳洲EAORON 第五代水光针精华液（升级款） 10毫升/盒*3盒', '液体呈透明凝胶状，无色无味，玻尿酸含量高的精华刚涂上都会有一点粘粘的，大概几十秒就会被肌肤吸收啦，第二天起来都会觉得皮肤润润的很光滑~', '219.00', '439.00');
INSERT INTO `goods` VALUES (94, 'https://shopncstaticimage.baiyangwang.com/shop/store/goods/1/1_06265418302459448.jpg', 'https://shopncstaticimage.baiyangwang.com/shop/store/goods/1/1_06152913733296982.jpg', '【补水亮肤】澳洲EAORON玻尿酸胶原蛋白保湿面膜 5片装+第五代水光针精华液(升级款)10ml/盒', '【第二代水光针面膜】1片=1支水光针原液，营养速达肌底，加乘释放成分活力，放大肌肤水分自身呵护力，焕活水光基础，一片水润透！\n【涂抹式玻尿酸】液体呈透明凝胶状，无色无味，玻尿酸含量高的精华刚涂上都会有一点粘粘的，大概几十秒就会被肌肤吸收啦，第二天起来都会觉得皮肤润润的很光滑~', '149.00', '399.00');
INSERT INTO `goods` VALUES (95, 'https://shopncstaticimage.baiyangwang.com/shop/store/goods/2/2_06263758385487279.jpg', 'https://shopncstaticimage.baiyangwang.com/shop/store/goods/2/2_06263760077660805.jpg', '【13#亮白色 轻薄控油】韩国AGE20`s爱纪二十之 爱敬三色流星气垫BB（白盒）精华粉底+替换装', '【适合自然肤色】薄荷绿粉芯，内含控油因子，长时间持久脱妆不掉粉，不出油，特别适合爱出油的肌肤，轻轻一拍，匀彩柔光，绽现年轻。', '158.00', '198.00');
INSERT INTO `goods` VALUES (96, 'https://shopncstaticimage.baiyangwang.com/shop/store/goods/2/2_06263758385487279.jpg', 'https://shopncstaticimage.baiyangwang.com/shop/store/goods/2/2_06263760079716890.jpg', '【21#象牙白 轻薄控油】韩国AGE20`s爱纪二十之 爱敬三色流星气垫BB（白盒）精华粉底+替换装', '【适合自然肤色】薄荷绿粉芯，内含控油因子，长时间持久脱妆不掉粉，不出油，特别适合爱出油的肌肤，轻轻一拍，匀彩柔光，绽现年轻。', '158.00', '198.00');
INSERT INTO `goods` VALUES (97, 'https://shopncstaticimage.baiyangwang.com/shop/store/goods/2/2_06263744566883908.jpg', 'https://shopncstaticimage.baiyangwang.com/shop/store/goods/2/2_06263756867417338.jpg', '【23#自然色 水润保湿】韩国AGE20`s爱纪二十之 爱敬三色流星气垫BB（粉盒）精华粉底+替换装', '【适合小麦肤色】轻轻打圈乳液质地，轻透易延展，亲肤不粘，轻透自然，让缺水肌更显水润。', '158.00', '198.00');
INSERT INTO `goods` VALUES (98, 'https://shopncstaticimage.baiyangwang.com/shop/store/goods/2/2_06263744566883908.jpg', 'https://shopncstaticimage.baiyangwang.com/shop/store/goods/2/2_06263744571668470.jpg', '【21#象牙白 水润保湿】韩国AGE20`s爱纪二十之 爱敬三色流星气垫BB（粉盒）精华粉底+替换装', '【适合自然肤色】轻轻打圈乳液质地，轻透易延展，亲肤不粘，轻透自然，让缺水肌更显水润。', '158.00', '198.00');
INSERT INTO `goods` VALUES (99, 'https://shopncstaticimage.baiyangwang.com/shop/store/goods/2/2_06263744566883908.jpg', 'https://shopncstaticimage.baiyangwang.com/shop/store/goods/2/2_06263744566732852.jpg', '【13#亮白色 水润保湿】韩国AGE20`s爱纪二十之 爱敬三色流星气垫BB（粉盒）精华粉底+替换装', '【适合亮白肤色】轻轻打圈乳液质地，轻透易延展，亲肤不粘，轻透自然，让缺水肌更显水润。', '158.00', '198.00');
INSERT INTO `goods` VALUES (100, 'https://shopncstaticimage.baiyangwang.com/shop/store/goods/2/2_06263710273071322.jpg', 'https://shopncstaticimage.baiyangwang.com/shop/store/goods/2/2_06263710273445180.jpg', '【23#自然色 遮瑕修颜】韩国AGE20`s爱纪二十之 爱敬三色流星气垫BB 黑盒 精华粉底+替换装', '【适合小麦肤色】具有水润度与遮瑕力度兼备的效果，令肌肤上妆后看上去自然白净、零瑕疵，遮盖斑点和痘痘都是分分钟搞定的事情~亮色暗色分别用来修容、提亮与遮瑕，修饰脸部轮廓', '158.00', '198.00');
INSERT INTO `goods` VALUES (101, 'https://shopncstaticimage.baiyangwang.com/shop/store/goods/2/2_06263710273071322.jpg', 'https://shopncstaticimage.baiyangwang.com/shop/store/goods/2/2_06263710273445180.jpg', '【21#象牙白 遮瑕修颜】韩国AGE20`s爱纪二十之 爱敬三色流星气垫BB黑盒 精华粉底+替换装', '【适合自然肤色】具有水润度与遮瑕力度兼备的效果，令肌肤上妆后看上去自然白净、零瑕疵，遮盖斑点和痘痘都是分分钟搞定的事情~亮色暗色分别用来修容、提亮与遮瑕，修饰脸部轮廓', '158.00', '198.00');
INSERT INTO `goods` VALUES (102, 'https://shopncstaticimage.baiyangwang.com/shop/store/goods/2/2_06263710273071322.jpg', 'https://shopncstaticimage.baiyangwang.com/shop/store/goods/2/2_06263710273445180.jpg', '【13#亮白色 遮瑕修颜】韩国AGE20`s 爱纪二十之 爱敬三色流星气垫 黑盒 精华粉底+替换装', '【适合白皙肤色】具有水润度与遮瑕力度兼备的效果，令肌肤上妆后看上去自然白净、零瑕疵，遮盖斑点和痘痘都是分分钟搞定的事情~亮色暗色分别用来修容、提亮与遮瑕，修饰脸部轮廓', '158.00', '198.00');
INSERT INTO `goods` VALUES (103, 'https://shopncstaticimage.baiyangwang.com/shop/store/goods/2/2_06263703686919491.jpg', 'https://shopncstaticimage.baiyangwang.com/shop/store/goods/2/2_06263703689097417.jpg', '【#21自然粉色】Sulwhasoo&nbsp;雪花秀&nbsp;致美养肤气垫&nbsp;15g+15g替换装', '【轻薄透亮 韩式水光肌】【#21自然粉色 适合一般亚洲女性肌肤】基础的面部护理后取少量轻拍至全脸，带来轻薄的水光肌效果。如果脸上有瑕疵，再轻涂一层即可遮盖，即刻拥有长时间美腻妆感。', '259.00', '450.00');
INSERT INTO `goods` VALUES (104, 'https://shopncstaticimage.baiyangwang.com/shop/store/goods/1/1_06259377983568194.jpg', 'https://shopncstaticimage.baiyangwang.com/shop/store/goods/1/1_06259377983958024.jpg', '【抚平岁月痕迹】Quanis/克奥妮斯玻尿酸微针法令纹贴1500针（1对装）淡化细纹', '【睡一觉就能美回来】透皮给药技术，每一片法令纹贴排列了1500针，足足蕴含80mg玻尿酸，无创可溶微针，直接注入真皮层，深层滋润肌肤。', '238.00', '568.00');
INSERT INTO `goods` VALUES (105, 'https://shopncstaticimage.baiyangwang.com/shop/store/goods/1/1_06259370083199358.jpg', 'https://shopncstaticimage.baiyangwang.com/shop/store/goods/1/1_06259370329630611.jpg', '【打造“灯泡肌】For Beloved One 宠爱之名亮白净化光之钥生物纤维面膜7片', '【大S同款 限定加量装 美白提亮重现年轻肌】采用有机纤维，精华液直接渗透肌底，更有效导入不蒸发，肤色更均匀，从小脸底层白出来。面膜上脸很服贴不扎皮肤，肌肤的暗沉黑底都说拜拜！', '628.00', '799.00');
INSERT INTO `goods` VALUES (106, 'https://shopncstaticimage.baiyangwang.com/shop/store/goods/1/1_06258534566062500.jpg', 'https://shopncstaticimage.baiyangwang.com/shop/store/goods/1/1_06220501396147999.jpg', '【李湘力荐】【买1送1】CB12薄荷漱口水 250ml*2赠50ml装1瓶 12小时口腔清净', '【买1送1】买1套250ml*2瓶装送1瓶50ml装\n【根源祛口气 攻克“社交癌”】从根源祛除口气，而非掩盖口臭，持续有效12小时，专利配方，口腔保健医师推荐，温和不辣口，孕妇可用。', '218.00', '338.00');
INSERT INTO `goods` VALUES (107, 'https://shopncstaticimage.baiyangwang.com/shop/store/goods/2/2_06256789545707842.jpg', 'https://shopncstaticimage.baiyangwang.com/shop/store/goods/2/2_06256783753879944.jpg', '【香港直邮】美国科颜氏kiehls高效保湿套装（保湿水250ml+乳液125ml+面霜50ml）', '科颜氏明星产品，温和有效，蕴含经典保湿成分角鲨烷、杏仁油、鳄梨油，能在干燥的环境下为肌肤持续补充水分，让皮肤柔润细腻。', '558.00', '980.00');
INSERT INTO `goods` VALUES (108, 'https://shopncstaticimage.baiyangwang.com/shop/store/goods/2/2_06247317862820869.jpg', 'https://shopncstaticimage.baiyangwang.com/shop/store/goods/2/2_06247317863429377.jpg', '【香港直邮】法国迪奥Dior口红唇膏烈艳蓝金3.5g 999金属炫光限量版 版本随机发货', '金属光，人鱼姬色，显白不挑皮。加入独特“护唇”成分组合，令双唇丰盈亮泽。一抹修饰固有唇色，彰显个性奢华魅力。', '278.00', '320.00');
INSERT INTO `goods` VALUES (109, 'https://shopncstaticimage.baiyangwang.com/shop/store/goods/2/2_06247315953487692.jpg', 'https://shopncstaticimage.baiyangwang.com/shop/store/goods/2/2_06247315945596188.jpg', '【香港直邮】法国迪奥Dior口红唇膏烈艳蓝金3.5g 999#珠光滋润型 版本随机发货', '经典色号，正红色，显白提肤色，瞬间散发强大气场，宣示时尚融合复古的全新态度。', '278.00', '320.00');
INSERT INTO `goods` VALUES (110, 'https://shopncstaticimage.baiyangwang.com/shop/store/goods/2/2_06247299049220471.jpg', 'https://shopncstaticimage.baiyangwang.com/shop/store/goods/2/2_06247299050446744.jpg', '【香港直邮】法国迪奥Dior口红唇膏烈艳蓝金3.5g 999#哑光上色款 版本随机发货', '哑光感妆效，橘调正红色，显白衬肤色、提气色。传奇红经典色，经久不衰的经典诱惑，诠释时尚的自我勇敢宣言。', '278.00', '320.00');
INSERT INTO `goods` VALUES (111, 'https://shopncstaticimage.baiyangwang.com/shop/store/goods/2/2_06247216599804605.jpg', 'https://shopncstaticimage.baiyangwang.com/shop/store/goods/2/2_06247216601675388.jpg', '【香港直邮】日本黛珂CosmeDecorte高机能保湿祛痘紫苏水150ml', '【战“痘”明星】冰凉的薄荷马上安抚了暴躁的皮肤，满满的紫苏精华，帮你的小脸恢复元气。每日早晚用作爽肤水，肌肤维稳不油不干。如果大面积暴痘，一次湿敷即刻为肌肤“除暴安良”！', '299.00', '450.00');
INSERT INTO `goods` VALUES (112, 'https://shopncstaticimage.baiyangwang.com/shop/store/goods/2/2_06247212833791995.jpg', 'https://shopncstaticimage.baiyangwang.com/shop/store/goods/2/2_06247212834745026.jpg', '【香港直邮】LANCÔME 兰蔻小黑瓶精华肌底眼部凝霜15ml 2018新版发光眼霜', '【发光眼霜】含有酵母成分，能有效淡化黑眼圈，质地轻薄好推开，不用担心会长脂肪粒。不论是久坐电脑前的上班族，还是熬夜成瘾的夜猫子，常备一瓶，随时救急！', '378.00', '690.00');
INSERT INTO `goods` VALUES (113, 'https://shopncstaticimage.baiyangwang.com/shop/store/goods/2/2_06247205370578376.jpg', 'https://shopncstaticimage.baiyangwang.com/shop/store/goods/2/2_06247205371621568.jpg', '【香港直邮】Origins/悦木之源均衡泡沫洁面150ml', '绵密泡沫，深层洁净，平衡肌肤水油，洗完后柔润不紧绷，和污垢彻底说拜拜！', '169.00', '329.00');
INSERT INTO `goods` VALUES (114, 'https://shopncstaticimage.baiyangwang.com/shop/store/goods/2/2_06247199534773933.jpg', 'https://shopncstaticimage.baiyangwang.com/shop/store/goods/2/2_06247199534104217.jpg', '【香港直邮】美国ORIGINS悦木之源面膜泥娃娃 活性炭毛孔净透面膜100ml 新老包装随机发货', '【清洁肌肤好帮手】含有丰富的活性炭，能悉心吸附毛孔里的污垢、油脂，不仅黑头白头通通逃不掉，闭口、粉刺都会有改善！用过之后感觉皮肤在呼吸，每周一次，毛孔不堵，保养才会更有效！', '179.00', '299.00');
INSERT INTO `goods` VALUES (115, 'https://shopncstaticimage.baiyangwang.com/shop/store/goods/2/2_06247196378065041.jpg', 'https://shopncstaticimage.baiyangwang.com/shop/store/goods/2/2_06247196378843832.jpg', '【香港直邮 战痘高手】美国Origins/悦木之源祛痘凝胶10ml', '【告别烦恼痘痘肌】帮助肌肤减轻痘痘所带来的的不适感，缓解痘痘形成过程中所导致的肤色不均，帮助缓解痘印；清楚堵塞毛孔的过量皮脂，还原澄净肌肤。', '138.00', '238.00');
INSERT INTO `goods` VALUES (116, 'https://shopncstaticimage.baiyangwang.com/shop/store/goods/2/2_06240170521535050.jpg', 'https://shopncstaticimage.baiyangwang.com/shop/store/goods/2/2_06240170521042219.jpg', '【香港直邮】法国兰蔻Lancome小黑瓶新精华肌底液7ml*2', '每一滴都是高浓度精华，及时补充水分，源头改善肤质，由内而外保养，薄透轻盈的质感，让肌肤好似重生一次~', '159.00', '199.00');
INSERT INTO `goods` VALUES (117, 'https://shopncstaticimage.baiyangwang.com/shop/store/goods/2/2_06240167008000211.jpg', 'https://shopncstaticimage.baiyangwang.com/shop/store/goods/2/2_06240167010054040.jpg', '【香港直邮】美国雅诗兰黛ESTĒE LAUDER小棕瓶抗蓝光眼霜 小样 5ml', '【无惧蓝光 任性刷屏】蕴含多重抵御初老因子，一瓶击破眼部肌肤的老化问题，质地清清爽爽一点都不黏腻，吸收炒鸡快，持续改善眼部肌肤的干纹、黑眼圈等老化问题', '138.00', '149.00');
INSERT INTO `goods` VALUES (118, 'https://shopncstaticimage.baiyangwang.com/shop/store/goods/2/2_06240165144921141.jpg', 'https://shopncstaticimage.baiyangwang.com/shop/store/goods/2/2_06240165144902988.jpg', '【香港直邮】美国雅诗兰黛ESTĒE LAUDER鲜活亮采红石榴晚霜小样 7ml*2', '蕴含红石榴系列果莓复合精粹，汲取红石榴、蓝莓、枸杞、蔓越莓，雅诗兰黛冷压萃取，生物发酵，倾注对抗力；加倍用量，秒变睡眠面膜，锁定夜晚肌肤自我修护“黄金期”~', '109.00', '278.00');
INSERT INTO `goods` VALUES (119, 'https://shopncstaticimage.baiyangwang.com/shop/store/goods/2/2_06240151440417361.jpg', 'https://shopncstaticimage.baiyangwang.com/shop/store/goods/2/2_06240151510187534.jpg', '【香港直邮】法国 Dior 迪奥 烈艳蓝金唇膏#999哑光小样1.5g', '带有一点橘色调，不过更显肤色，既有气场又富有活力，不会显得过于庄重沉闷，薄涂厚涂都能轻松驾驭。', '148.00', '199.00');
INSERT INTO `goods` VALUES (120, 'https://shopncstaticimage.baiyangwang.com/shop/store/goods/2/2_06240143011036977.jpg', 'https://shopncstaticimage.baiyangwang.com/shop/store/goods/2/2_06240143014441202.jpg', '【香港直邮】CHANEL 香奈儿 口红女士炫亮魅力唇膏丝绒哑光1.2g 小样#57', '远离一般哑光唇膏的干涩质感，展现丝绒般的轻软舒适，留下浓郁华美色泽与柔亮妆效果', '139.00', '189.00');
INSERT INTO `goods` VALUES (121, 'https://shopncstaticimage.baiyangwang.com/shop/store/goods/2/2_06240137655069730.jpg', 'https://shopncstaticimage.baiyangwang.com/shop/store/goods/2/2_06240137655068761.jpg', '【香港直邮】美国科颜氏白泥面膜14ml小样', '【自然净肤“膜”力】细致隐匿毛孔，深层吸附藏在毛孔中的污垢，让毛孔自在呼吸；舒缓多余油脂分泌，排浊净化，敷出净透肌；温和去除老废角质，同时水润修护肌肤，舒缓粗糙肤质，让肌肤柔嫩洁净。', '98.00', '138.00');
INSERT INTO `goods` VALUES (122, 'https://shopncstaticimage.baiyangwang.com/shop/store/goods/2/2_06240136058097044.jpg', 'https://shopncstaticimage.baiyangwang.com/shop/store/goods/2/2_06240136058095574.jpg', '【香港直邮】美国科颜氏Kiehl\'s高保湿爽肤水40ml小样', '【清爽舒适 舒缓肌肤】精华般沁润肌底，维持皮肤天然的保护功能；敏感肌肤极干燥或过敏时的急救湿敷水份膜使用。', '69.00', '99.00');
INSERT INTO `goods` VALUES (123, 'https://shopncstaticimage.baiyangwang.com/shop/store/goods/2/2_06240126388086108.jpg', 'https://shopncstaticimage.baiyangwang.com/shop/store/goods/2/2_06240126390403529.jpg', '【限时2件8.8折】【香港直邮】Laneige兰芝睡眠唇膜3g小样中样滋润保湿淡唇纹*5', '【 打造嘟嘟唇】富含“果V萃取”，帮助淡化唇纹，温和调理唇部角质，使双唇柔滑饱满，清新的果香在使用中给你带来好心情，薄薄地涂一层，带来水嫩修复。', '99.00', '149.00');
INSERT INTO `goods` VALUES (124, 'https://shopncstaticimage.baiyangwang.com/shop/store/goods/2/2_06231549704035086.jpg', 'https://shopncstaticimage.baiyangwang.com/shop/store/goods/2/2_06231549704447223.jpg', '【限时2件8.8折】【韩国直邮】韩国呼吸SU:M37°/苏秘37° 魔法三件中样套装', '含有恢复肌肤活力的酵母成分，清爽不粘腻，使用后肌肤变得通透光泽', '98.00', '148.00');
INSERT INTO `goods` VALUES (125, 'https://shopncstaticimage.baiyangwang.com/shop/store/goods/2/2_06231547743641059.jpg', 'https://shopncstaticimage.baiyangwang.com/shop/store/goods/2/2_06231547743563087.jpg', '【香港直邮】法国兰蔻LANCOME新水份缘保湿舒缓日霜SPF30 15ml*2', '【补水保湿 水润透亮 滋养修护】为肌肤带来水漾感受，让肌肤长效保湿水润， 更有辣木籽精萃舒缓城市压力带给肌肤的刺激、伤害。 适用于精华后。', '105.00', '148.00');
INSERT INTO `goods` VALUES (126, 'https://shopncstaticimage.baiyangwang.com/shop/store/goods/2/2_06231544723760611.jpg', 'https://shopncstaticimage.baiyangwang.com/shop/store/goods/2/2_06231544722665052.jpg', '【香港直邮】美国雅诗兰黛ESTĒE LAUDER红石榴日霜鲜活亮采营养面霜15ml', '添加天然矿物质及抗氧成分，有股淡淡石榴味，上脸很润，滋润且轻薄，毫无负担，大干皮如果想入一款保湿效果好又不会油光满面的的面霜，就属红石榴无疑了', '128.00', '168.00');
INSERT INTO `goods` VALUES (127, 'https://shopncstaticimage.baiyangwang.com/shop/store/goods/2/2_06231542999503965.jpg', 'https://shopncstaticimage.baiyangwang.com/shop/store/goods/2/2_06231542999378399.jpg', '【香港直邮】韩国Sulwhasoo雪花秀玉容撕拉面膜中样无盒30ml', '百年韩方草本秘制，韩方中草药成分，温和清洁，0疼痛感；撕走暗沉，透亮焕白，温和清洁，不会放大毛孔，深入滋养，缔造如丝般柔滑。', '79.00', '119.00');
INSERT INTO `goods` VALUES (128, 'https://shopncstaticimage.baiyangwang.com/shop/store/goods/2/2_06231540020847907.jpg', 'https://shopncstaticimage.baiyangwang.com/shop/store/goods/2/2_06231540022761156.jpg', '【限时2件8.8折】【轻巧旅行装】法国Bioderma贝德玛舒妍卸妆水蓝水中样旅行装100ml 香港', '维密超模都在用的卸妆水，平价又好用，轻松搞定眼妆、修容、粉底等妆容，温和卸妆一抹就清爽，蓝水控油温和，具有收缩毛孔的功效，适合油皮和混油皮的痘肌使用，让你爱上卸妆和洁面,你离空瓶就只差这一瓶啦~', '65.00', '89.00');
INSERT INTO `goods` VALUES (129, 'https://shopncstaticimage.baiyangwang.com/shop/store/goods/2/2_06230909362403338.jpg', 'https://shopncstaticimage.baiyangwang.com/shop/store/goods/2/2_06230916741326755.jpg', '【限时买2减30】【香港直邮】韩国后Whoo天气丹华泫眼霜5ml中样 小样', '【赋弹紧致 奢养明眸】紧致弹润，肌肤获年轻光彩，细腻平滑，润滑触感爱不释手，修护眼周脆弱肌肤，无惧岁月痕迹。', '99.00', '135.00');
INSERT INTO `goods` VALUES (130, 'https://shopncstaticimage.baiyangwang.com/shop/store/goods/2/2_06230902875071121.jpg', 'https://shopncstaticimage.baiyangwang.com/shop/store/goods/2/2_06230902874545152.jpg', '【香港直邮】韩国雪花秀滋阴五件套装 中样（水+乳+精华+面霜+眼霜）', '（水/乳液各15ml+精华液8ml+面霜5ml+眼霜3.5ml ）\n【调理滋养 光彩亮泽】愈合修复能力，加强肌肤营养，从根本调理肌肤。补充肌肤阴气能量！补足阴气，滋养肌肤，改善气色！肌肤无惧素颜！令脸庞展现青春的健康光采，展现青春活力', '89.00', '135.00');
INSERT INTO `goods` VALUES (131, 'https://shopncstaticimage.baiyangwang.com/shop/store/goods/2/2_06230889784106324.jpg', 'https://shopncstaticimage.baiyangwang.com/shop/store/goods/2/2_06230889785137471.jpg', '【香港直邮】美国悦木之源Origins韦博士灵芝焕能精华水30ml小样', '【稳定肌肤 告别焦糖脸】调理肌肤，强韧肌底，舒缓滋润，去痘痘、闭口、粉刺。', '88.00', '135.00');
INSERT INTO `goods` VALUES (132, 'https://shopncstaticimage.baiyangwang.com/shop/store/goods/2/2_06230881169801604.jpg', 'https://shopncstaticimage.baiyangwang.com/shop/store/goods/2/2_06230881168988926.jpg', '【香港直邮】韩国雪花秀SULWHASOO滋盈肌本润颜水乳中样套 30ml*2', '【盈润滋养 调节平衡】补充水分，平衡油脂，凝注养分，长时间滋润养颜，肌肤更显细腻，改善粗糙暗沉，点亮水润光芒。', '98.00', '148.00');
INSERT INTO `goods` VALUES (133, 'https://shopncstaticimage.baiyangwang.com/shop/store/goods/1/1_06230807558971390.jpg', 'https://shopncstaticimage.baiyangwang.com/shop/store/goods/1/1_06230807559821870.jpg', '【Keep水光肌密】Quanis/克奥妮斯弹力温感可溶性精华面膜1片', '【深层滋养 肌层修护】温感效应促使毛孔张开，促进血液循环，使面膜精华迅速溶解，深层渗透吸收，多余精华可全身使用，像给全身做SPA。', '238.00', '320.00');
INSERT INTO `goods` VALUES (134, 'https://shopncstaticimage.baiyangwang.com/shop/store/goods/1/1_06230807558218250.jpg', 'https://shopncstaticimage.baiyangwang.com/shop/store/goods/1/1_06230807561019956.jpg', '【买1得2】【Keep水光肌密】Quanis/克奥妮斯弹力温感可溶性精华面膜 4片装 补水保湿提亮', '【买1得2】买1盒加赠同款面膜1贴\n【深层滋养 肌层修护】温感效应促使毛孔张开，促进血液循环，使面膜精华迅速溶解，深层渗透吸收，多余精华可全身使用，像给全身做SPA。', '880.00', '1280.00');
INSERT INTO `goods` VALUES (135, 'https://shopncstaticimage.baiyangwang.com/shop/store/goods/1/1_06230698523385506.jpg', 'https://shopncstaticimage.baiyangwang.com/shop/store/goods/1/1_06230698522217152.jpg', '【2件8折3件7折】【买1赠1】【深润肌底】宠爱之名玻尿酸蓝铜胜肽保湿修护生物纤维面膜 3片/盒', '【买即送马油沐浴露1000ml一瓶】【秋冬补水保湿U选】三分子玻尿酸，抓水、补水、锁水，让肌肤长时间水润饱满；加强保护脆弱肌肤，并提升肌肤自我修护能力，亦可作为晒后修护面膜；添加珍贵蓝铜胜肽，淡化岁月痕迹，提升肌肤紧致与弹力。', '328.00', '499.00');
INSERT INTO `goods` VALUES (136, 'https://shopncstaticimage.baiyangwang.com/shop/store/goods/2/2_06228233407836538.jpg', 'https://shopncstaticimage.baiyangwang.com/shop/store/goods/2/2_06228229538785814.jpg', '【领券买1减50 买2减100】【打造“零毛孔”】3件装ISHIZAWA LABS 石泽研究所 毛孔', '【香港直邮】【打造饱满娇嫩肌肤】日本大米由来的大米神经酰胺，弱酸性，无色素香料，调整干燥毛孔肌肤，将肌肤纹理调整至饱满，使肌肤弹嫩到仿佛能吸住手指。', '198.00', '390.00');
INSERT INTO `goods` VALUES (137, 'https://shopncstaticimage.baiyangwang.com/shop/store/goods/2/2_06228229460938463.png', 'https://shopncstaticimage.baiyangwang.com/shop/store/goods/2/2_06228229538785814.jpg', '【限时领券买2减50买3减100】【打造“零毛孔”】2件装ISHIZAWA LABS 石泽研究所 毛', '【香港直邮】【打造饱满娇嫩肌肤】日本大米由来的大米神经酰胺，弱酸性，无色素香料，调整干燥毛孔肌肤，将肌肤纹理调整至饱满，使肌肤弹嫩到仿佛能吸住手指。', '148.00', '260.00');
INSERT INTO `goods` VALUES (138, 'https://shopncstaticimage.baiyangwang.com/shop/store/goods/1/1_06258562187158682.jpg', 'https://shopncstaticimage.baiyangwang.com/shop/store/goods/1/1_06228126608908430.jpg', '【第2件0元】【李湘力荐 根源祛口气】4瓶装 CB12薄荷漱口水 50ml 12小时口腔清净', '【攻克“社交癌”】从根源祛除口气，而非掩盖口臭，持续有效12小时，专利配方，口腔保健医师推荐，温和不辣口，孕妇可用。', '148.00', '198.00');

-- ----------------------------
-- Table structure for user
-- ----------------------------
DROP TABLE IF EXISTS `user`;
CREATE TABLE `user`  (
  `id` int(20) NOT NULL AUTO_INCREMENT,
  `username` varchar(255) CHARACTER SET utf8mb4 COLLATE utf8mb4_bin NULL DEFAULT NULL,
  `password` varchar(255) CHARACTER SET utf8mb4 COLLATE utf8mb4_bin NULL DEFAULT NULL,
  `phone` varchar(255) CHARACTER SET utf8mb4 COLLATE utf8mb4_bin NULL DEFAULT NULL,
  PRIMARY KEY (`id`) USING BTREE
) ENGINE = InnoDB AUTO_INCREMENT = 17 CHARACTER SET = utf8mb4 COLLATE = utf8mb4_bin ROW_FORMAT = Compact;

-- ----------------------------
-- Records of user
-- ----------------------------
INSERT INTO `user` VALUES (14, 'kong', '670b14728a', '13110452806');
INSERT INTO `user` VALUES (15, 'demo', '670b14728a', '13110452806');
INSERT INTO `user` VALUES (16, 'cong', '670b14728a', '13128065506');

SET FOREIGN_KEY_CHECKS = 1;
